AB021164.1.1501	Bacteria;Bacteroidetes;Bacteroidia;Bacteroidales;Bacteroidaceae;Bacteroides;Bacteroides_acidifaciens
AB012213.1.1523	Bacteria;Firmicutes;Bacilli;Lactobacillales;Enterococcaceae;Enterococcus;Enterococcus_faecium
AB050108.1.1455	Bacteria;Bacteroidetes;Bacteroidia;Bacteroidales;Bacteroidaceae;Bacteroides;Bacteroides_ovatus
AB050109.1.1426	Bacteria;Bacteroidetes;Bacteroidia;Bacteroidales;Bacteroidaceae;Bacteroides;Bacteroides_thetaiotaomicron
AB064923.1.1494	Bacteria;Bacteroidetes;Bacteroidia;Bacteroidales;Prevotellaceae;Prevotella;Prevotella_copri
AB078827.1.1418	Bacteria;Bacteroidetes;Bacteroidia;Bacteroidales;Prevotellaceae;Prevotella;Prevotella_paludivivens
AB108826.1.1493	Bacteria;Bacteroidetes;Bacteroidia;Bacteroidales;Prevotellaceae;Prevotella;Prevotella_salivae
AB112713.1.1486	Bacteria;Firmicutes;Bacilli;Bacillales;Paenibacillaceae;Brevibacillus;Brevibacillus_choshinensis
AB112717.1.1501	Bacteria;Firmicutes;Bacilli;Bacillales;Paenibacillaceae;Brevibacillus;Brevibacillus_limnophilus
AB125279.1.1447	Bacteria;Firmicutes;Clostridia;Clostridiales;Ruminococcaceae;Incertae_Sedis;Clostridium
AB182483.1.1494	Bacteria;Bacteroidetes;Bacteroidia;Bacteroidales;Prevotellaceae;Prevotella;Prevotella_multiformis
AB186360.1.1438	Bacteria;Firmicutes;Clostridia;Clostridiales;Gracilibacteraceae;Lutispora;Lutispora_thermophila
AB186359.1.1560	Bacteria;Firmicutes;Clostridia;Clostridiales;Ruminococcaceae;Incertae_Sedis;Clostridium
AB198719.1.1500	Bacteria;Firmicutes;Bacilli;Bacillales;Bacillaceae;Bacillus;Bacillus_boroniphilus
AB200217.1.1490	Bacteria;Bacteroidetes;Bacteroidia;Bacteroidales;Bacteroidaceae;Bacteroides;Bacteroides_plebeius
AB200414.1.1491	Bacteria;Bacteroidetes;Bacteroidia;Bacteroidales;Prevotellaceae;Prevotella;Prevotella_multisaccharivorax
AB200224.1.1490	Bacteria;Bacteroidetes;Bacteroidia;Bacteroidales;Bacteroidaceae;Bacteroides;Bacteroides_coprocola
AB214328.1.1484	Bacteria;Bacteroidetes;Bacteroidia;Bacteroidales;Bacteroidaceae;Bacteroides;Bacteroides_intestinalis
AB242142.1.1493	Bacteria;Bacteroidetes;Bacteroidia;Bacteroidales;Bacteroidaceae;Bacteroides;Bacteroides_dorei
AB222699.1.1485	Bacteria;Bacteroidetes;Bacteroidia;Bacteroidales;Bacteroidaceae;Bacteroides;Bacteroides_finegoldii
AB244774.1.1488	Bacteria;Bacteroidetes;Bacteroidia;Bacteroidales;Prevotellaceae;Prevotella;Prevotella_stercorea
AB245377.1.1495	Bacteria;Firmicutes;Bacilli;Bacillales;Bacillaceae;Bacillus;Bacillus_pocheonensis
AB253726.1.1456	Bacteria;Bacteroidetes;Bacteroidia;Bacteroidales;Bacteroidaceae;Bacteroides;Bacteroides_barnesiae
AB253732.1.1458	Bacteria;Bacteroidetes;Bacteroidia;Bacteroidales;Bacteroidaceae;Bacteroides;Bacteroides_gallinarum
AB253731.1.1463	Bacteria;Bacteroidetes;Bacteroidia;Bacteroidales;Bacteroidaceae;Bacteroides;Bacteroides_salanitronis
AB260026.1.1492	Bacteria;Bacteroidetes;Bacteroidia;Bacteroidales;Bacteroidaceae;Bacteroides;Bacteroides_coprophilus
AB278593.1.1467	Bacteria;Bacteroidetes;Bacteroidia;Bacteroidales;Prevotellaceae;Prevotella;Prevotella_pleuritidis
AB298727.1.1472	Bacteria;Bacteroidetes;Bacteroidia;Bacteroidales;Bacteroidaceae;Bacteroides;Bacteroides_paurosaccharolyticus
AB331897.1.1481	Bacteria;Bacteroidetes;Bacteroidia;Bacteroidales;Prevotellaceae;Paraprevotella;Paraprevotella_xylaniphila
AB362596.1.1554	Bacteria;Firmicutes;Bacilli;Lactobacillales;Enterococcaceae;Enterococcus;Enterococcus_hirae
AB363732.1.1475	Bacteria;Firmicutes;Bacilli;Bacillales;Bacillaceae;Bacillus;Bacillus_azotoformans
AB429504.1.1494	Bacteria;Bacteroidetes;Bacteroidia;Bacteroidales;Prevotellaceae;Prevotella;Prevotella_falsenii
AB477014.1.1525	Bacteria;Bacteroidetes;Bacteroidia;Bacteroidales;Prevotellaceae;Prevotella;Prevotella_dentasini
AB480534.1.1481	Bacteria;Bacteroidetes;Bacteroidia;Bacteroidales;Prevotellaceae;Prevotella;Prevotella_aurantiaca
AB510697.1.1478	Bacteria;Bacteroidetes;Bacteroidia;Bacteroidales;Bacteroidaceae;Bacteroides;Bacteroides_caccae
AB510705.1.1459	Bacteria;Bacteroidetes;Bacteroidia;Bacteroidales;Bacteroidaceae;Bacteroides;Bacteroides_ovatus
AB510698.1.1473	Bacteria;Bacteroidetes;Bacteroidia;Bacteroidales;Bacteroidaceae;Bacteroides;Bacteroides_cellulosilyticus
AB510713.1.1465	Bacteria;Bacteroidetes;Bacteroidia;Bacteroidales;Bacteroidaceae;Bacteroides;Bacteroides_xylanisolvens
AB510702.1.1486	Bacteria;Bacteroidetes;Bacteroidia;Bacteroidales;Bacteroidaceae;Bacteroides;Bacteroides_helcogenes
AB510710.1.1461	Bacteria;Bacteroidetes;Bacteroidia;Bacteroidales;Bacteroidaceae;Bacteroides;Bacteroides_thetaiotaomicron
AB490801.1.1479	Bacteria;Bacteroidetes;Bacteroidia;Bacteroidales;Bacteroidaceae;Bacteroides;Bacteroides_clarus
AB510696.1.1490	Bacteria;Bacteroidetes;Bacteroidia;Bacteroidales;Bacteroidaceae;Bacteroides;Bacteroides_acidifaciens
AB490809.1.1497	Bacteria;Firmicutes;Clostridia;Clostridiales;Christensenellaceae;Christensenella;Christensenella_minuta
AB510704.1.1473	Bacteria;Bacteroidetes;Bacteroidia;Bacteroidales;Bacteroidaceae;Bacteroides;Bacteroides_nordii
AB510708.1.1476	Bacteria;Bacteroidetes;Bacteroidia;Bacteroidales;Bacteroidaceae;Bacteroides;Bacteroides_stercoris
AB510712.1.1489	Bacteria;Bacteroidetes;Bacteroidia;Bacteroidales;Bacteroidaceae;Bacteroides;Bacteroides_vulgatus
AB510703.1.1478	Bacteria;Bacteroidetes;Bacteroidia;Bacteroidales;Bacteroidaceae;Bacteroides;Bacteroides_massiliensis
AB538437.1.1524	Bacteria;Firmicutes;Negativicutes;Selenomonadales;Veillonellaceae;Veillonella;Veillonella_parvula
AB510707.1.1473	Bacteria;Bacteroidetes;Bacteroidia;Bacteroidales;Bacteroidaceae;Bacteroides;Bacteroides_salyersiae
AB538438.1.1472	Bacteria;Firmicutes;Clostridia;Clostridiales;Ruminococcaceae;Ruminococcus;Ruminococcus_albus
AB547651.1.1480	Bacteria;Bacteroidetes;Bacteroidia;Bacteroidales;Prevotellaceae;Paraprevotella;Paraprevotella_clara
AB547670.1.1491	Bacteria;Bacteroidetes;Bacteroidia;Bacteroidales;Prevotellaceae;Prevotella;Prevotella_amnii
AB547679.1.1492	Bacteria;Bacteroidetes;Bacteroidia;Bacteroidales;Prevotellaceae;Prevotella;Prevotella_denticola
AB547685.1.1480	Bacteria;Bacteroidetes;Bacteroidia;Bacteroidales;Prevotellaceae;Prevotella;Prevotella_histicola
AB547701.1.1481	Bacteria;Bacteroidetes;Bacteroidia;Bacteroidales;Prevotellaceae;Prevotella;Prevotella_oris
AB547706.1.1493	Bacteria;Bacteroidetes;Bacteroidia;Bacteroidales;Prevotellaceae;Prevotella;Prevotella_timonensis
AB558166.1.1489	Bacteria;Firmicutes;Clostridia;Clostridiales;Ruminococcaceae;Incertae_Sedis;Clostridium
AB572597.1.1490	Bacteria;Bacteroidetes;Bacteroidia;Bacteroidales;Bacteroidaceae;Bacteroides;Bacteroides_sartorii
AB547640.1.1475	Bacteria;Bacteroidetes;Bacteroidia;Bacteroidales;Bacteroidaceae;Bacteroides;Bacteroides_faecis
AB547645.1.1493	Bacteria;Bacteroidetes;Bacteroidia;Bacteroidales;Bacteroidaceae;Bacteroides;Bacteroides_paurosaccharolyticus
AB547669.1.1481	Bacteria;Bacteroidetes;Bacteroidia;Bacteroidales;Prevotellaceae;Prevotella;Prevotella_albensis
AB547673.1.1490	Bacteria;Bacteroidetes;Bacteroidia;Bacteroidales;Prevotellaceae;Prevotella;Prevotella_bivia
AB547684.1.1480	Bacteria;Bacteroidetes;Bacteroidia;Bacteroidales;Prevotellaceae;Prevotella;Prevotella_enoeca
AB547638.1.1488	Bacteria;Bacteroidetes;Bacteroidia;Bacteroidales;Bacteroidaceae;Bacteroides;Bacteroides_clarus
AB547700.1.1481	Bacteria;Bacteroidetes;Bacteroidia;Bacteroidales;Prevotellaceae;Prevotella;Prevotella_oris
AB547704.1.1491	Bacteria;Bacteroidetes;Bacteroidia;Bacteroidales;Prevotellaceae;Prevotella;Prevotella_paludivivens
AB547652.1.1488	Bacteria;Bacteroidetes;Bacteroidia;Bacteroidales;Prevotellaceae;Paraprevotella;Paraprevotella_xylaniphila
AB547676.1.1493	Bacteria;Bacteroidetes;Bacteroidia;Bacteroidales;Prevotellaceae;Prevotella;Prevotella_buccalis
AB547681.1.1494	Bacteria;Bacteroidetes;Bacteroidia;Bacteroidales;Prevotellaceae;Prevotella;Prevotella_dentasini
AB547686.1.1494	Bacteria;Bacteroidetes;Bacteroidia;Bacteroidales;Prevotellaceae;Prevotella;Prevotella_intermedia
AB547690.1.1405	Bacteria;Bacteroidetes;Bacteroidia;Bacteroidales;Prevotellaceae;Prevotella;Prevotella_maculosa
AB547697.1.1480	Bacteria;Bacteroidetes;Bacteroidia;Bacteroidales;Prevotellaceae;Prevotella;Prevotella_nigrescens
AB547702.1.1491	Bacteria;Bacteroidetes;Bacteroidia;Bacteroidales;Prevotellaceae;Prevotella;Prevotella_oulorum
AB547707.1.1492	Bacteria;Bacteroidetes;Bacteroidia;Bacteroidales;Prevotellaceae;Prevotella;Prevotella_veroralis
AB574480.1.1486	Bacteria;Bacteroidetes;Bacteroidia;Bacteroidales;Bacteroidaceae;Bacteroides;Bacteroides_faecichinchillae
AB547677.1.1479	Bacteria;Bacteroidetes;Bacteroidia;Bacteroidales;Prevotellaceae;Prevotella;Prevotella_corporis
AB547682.1.1492	Bacteria;Bacteroidetes;Bacteroidia;Bacteroidales;Prevotellaceae;Prevotella;Prevotella_disiens
AB547693.1.1480	Bacteria;Bacteroidetes;Bacteroidia;Bacteroidales;Prevotellaceae;Prevotella;Prevotella_melaninogenica
AB547703.1.1492	Bacteria;Bacteroidetes;Bacteroidia;Bacteroidales;Prevotellaceae;Prevotella;Prevotella_pallens
AB596943.1.1482	Bacteria;Firmicutes;Bacilli;Lactobacillales;Enterococcaceae;Enterococcus;Enterococcus_durans
AB626634.1.1465	Bacteria;Firmicutes;Negativicutes;Selenomonadales;Veillonellaceae;Dialister;Dialister_propionicifaciens
AB595129.1.1474	Bacteria;Firmicutes;Clostridia;Clostridiales;Clostridiaceae_1;Clostridium
AB596942.1.1482	Bacteria;Firmicutes;Bacilli;Lactobacillales;Enterococcaceae;Enterococcus;Enterococcus_hirae
AB626633.1.1528	Bacteria;Firmicutes;Negativicutes;Selenomonadales;Veillonellaceae;Dialister;Dialister_micraerophilus
AB649279.1.1493	Bacteria;Bacteroidetes;Bacteroidia;Bacteroidales;Prevotellaceae;Prevotella;Prevotella_copri
AB626632.1.1530	Bacteria;Firmicutes;Negativicutes;Selenomonadales;Veillonellaceae;Dialister;Dialister_invisus
AB639141.1.1524	Bacteria;Firmicutes;Negativicutes;Selenomonadales;Veillonellaceae;Veillonella;Veillonella_criceti
AB643462.1.1473	Bacteria;Firmicutes;Clostridia;Clostridiales;Clostridiaceae_1;Clostridium
AB639142.1.1524	Bacteria;Firmicutes;Negativicutes;Selenomonadales;Veillonellaceae;Veillonella;Veillonella_ratti
AB680022.1.1485	Bacteria;Firmicutes;Bacilli;Lactobacillales;Enterococcaceae;Enterococcus;Enterococcus_hirae
AB679111.1.1500	Bacteria;Firmicutes;Negativicutes;Selenomonadales;Veillonellaceae;Veillonella;Veillonella_tobetsuensis
AB679110.1.1514	Bacteria;Firmicutes;Negativicutes;Selenomonadales;Veillonellaceae;Veillonella;Veillonella_tobetsuensis
AB679112.1.1519	Bacteria;Firmicutes;Negativicutes;Selenomonadales;Veillonellaceae;Veillonella;Veillonella_tobetsuensis
AB679109.1.1520	Bacteria;Firmicutes;Negativicutes;Selenomonadales;Veillonellaceae;Veillonella;Veillonella_tobetsuensis
AB680327.1.1477	Bacteria;Firmicutes;Bacilli;Bacillales;Planococcaceae;Sporosarcina;Sporosarcina_ureae
AB680887.1.1461	Bacteria;Firmicutes;Bacilli;Bacillales;Paenibacillaceae;Brevibacillus;Brevibacillus_choshinensis
AB681175.1.1484	Bacteria;Firmicutes;Bacilli;Lactobacillales;Enterococcaceae;Enterococcus;Enterococcus_avium
AB681177.1.1485	Bacteria;Firmicutes;Bacilli;Lactobacillales;Enterococcaceae;Enterococcus;Enterococcus_durans
AB681184.1.1485	Bacteria;Firmicutes;Bacilli;Lactobacillales;Enterococcaceae;Enterococcus;Enterococcus_faecium
AB681189.1.1484	Bacteria;Firmicutes;Bacilli;Lactobacillales;Enterococcaceae;Enterococcus;Enterococcus_pseudoavium
AB681190.1.1484	Bacteria;Firmicutes;Bacilli;Lactobacillales;Enterococcaceae;Enterococcus;Enterococcus_raffinosus
AB681188.1.1486	Bacteria;Firmicutes;Bacilli;Lactobacillales;Enterococcaceae;Enterococcus;Enterococcus_mundtii
AB681227.1.1483	Bacteria;Firmicutes;Bacilli;Lactobacillales;Enterococcaceae;Enterococcus;Enterococcus_gilvus
AB681229.1.1485	Bacteria;Firmicutes;Bacilli;Lactobacillales;Enterococcaceae;Enterococcus;Enterococcus_ratti
AB681183.1.1426	Bacteria;Firmicutes;Bacilli;Lactobacillales;Enterococcaceae;Enterococcus;Enterococcus_faecium
AB681238.1.1484	Bacteria;Firmicutes;Bacilli;Lactobacillales;Enterococcaceae;Enterococcus;Enterococcus_phoeniculicola
AB681226.1.1485	Bacteria;Firmicutes;Bacilli;Lactobacillales;Enterococcaceae;Enterococcus;Enterococcus_canis
AB681230.1.1484	Bacteria;Firmicutes;Bacilli;Lactobacillales;Enterococcaceae;Enterococcus;Enterococcus_villorum
AB681572.1.1486	Bacteria;Firmicutes;Bacilli;Lactobacillales;Enterococcaceae;Enterococcus;Enterococcus_thailandicus
AB683252.1.1492	Bacteria;Bacteroidetes;Bacteroidia;Bacteroidales;Prevotellaceae;Prevotella;Prevotella_fusca
AB683253.1.1492	Bacteria;Bacteroidetes;Bacteroidia;Bacteroidales;Prevotellaceae;Prevotella;Prevotella_scopos
ABGD02000021.1868.3380	Bacteria;Firmicutes;Clostridia;Clostridiales;Ruminococcaceae;Anaerotruncus;Anaerotruncus_colihominis
ABIY02000114.1.1263	Bacteria;Bacteroidetes;Bacteroidia;Bacteroidales;Bacteroidaceae;Bacteroides;Bacteroides_coprocola
AB910742.1.1467	Bacteria;Firmicutes;Clostridia;Clostridiales;Ruminococcaceae;Ruminococcus;Ruminococcus_champanellensis
ABFZ02000010.54.1555	Bacteria;Bacteroidetes;Bacteroidia;Bacteroidales;Bacteroidaceae;Bacteroides;Bacteroides_stercoris
ABGD02000031.941.2453	Bacteria;Firmicutes;Clostridia;Clostridiales;Ruminococcaceae;Anaerotruncus;Anaerotruncus_colihominis
ABGD02000032.3011.4523	Bacteria;Firmicutes;Clostridia;Clostridiales;Ruminococcaceae;Anaerotruncus;Anaerotruncus_colihominis
ABIY02000115.212058.213573	Bacteria;Bacteroidetes;Bacteroidia;Bacteroidales;Bacteroidaceae;Bacteroides;Bacteroides_coprocola
ACBX02000014.1230.2749	Bacteria;Bacteroidetes;Bacteroidia;Bacteroidales;Prevotellaceae;Prevotella;Prevotella_copri
ACBX02000025.1.1217	Bacteria;Bacteroidetes;Bacteroidia;Bacteroidales;Prevotellaceae;Prevotella;Prevotella_copri
ABFZ02000011.1.1404	Bacteria;Bacteroidetes;Bacteroidia;Bacteroidales;Bacteroidaceae;Bacteroides;Bacteroides_stercoris
ABFZ02000022.100210.101724	Bacteria;Bacteroidetes;Bacteroidia;Bacteroidales;Bacteroidaceae;Bacteroides;Bacteroides_stercoris
ABIY02000097.119651.121166	Bacteria;Bacteroidetes;Bacteroidia;Bacteroidales;Bacteroidaceae;Bacteroides;Bacteroides_coprocola
ABJL02000007.1225076.1226586	Bacteria;Bacteroidetes;Bacteroidia;Bacteroidales;Bacteroidaceae;Bacteroides;Bacteroides_intestinalis
ABJL02000008.1460783.1462293	Bacteria;Bacteroidetes;Bacteroidia;Bacteroidales;Bacteroidaceae;Bacteroides;Bacteroides_intestinalis
ABQC02000019.758957.760260	Bacteria;Bacteroidetes;Bacteroidia;Bacteroidales;Bacteroidaceae;Bacteroides;Bacteroides_plebeius
ABWZ01000093.3557.5076	Bacteria;Bacteroidetes;Bacteroidia;Bacteroidales;Bacteroidaceae;Bacteroides;Bacteroides_dorei
ABIY02000050.88545.90060	Bacteria;Bacteroidetes;Bacteroidia;Bacteroidales;Bacteroidaceae;Bacteroides;Bacteroides_coprocola
ABJL02000006.58.1568	Bacteria;Bacteroidetes;Bacteroidia;Bacteroidales;Bacteroidaceae;Bacteroides;Bacteroides_intestinalis
ABJL02000008.3336138.3337648	Bacteria;Bacteroidetes;Bacteroidia;Bacteroidales;Bacteroidaceae;Bacteroides;Bacteroides_intestinalis
ACBW01000012.3536.5054	Bacteria;Bacteroidetes;Bacteroidia;Bacteroidales;Bacteroidaceae;Bacteroides;Bacteroides_coprophilus
ACBX02000017.22857.24376	Bacteria;Bacteroidetes;Bacteroidia;Bacteroidales;Prevotellaceae;Prevotella;Prevotella_copri
ACCH01000108.3638.5148	Bacteria;Bacteroidetes;Bacteroidia;Bacteroidales;Bacteroidaceae;Bacteroides;Bacteroides_cellulosilyticus
ACIM02000001.828416.829972	Bacteria;Firmicutes;Negativicutes;Selenomonadales;Veillonellaceae;Dialister;Dialister_invisus
ADFU01000009.53.1567	Bacteria;Firmicutes;Negativicutes;Selenomonadales;Veillonellaceae;Veillonella;Veillonella_parvula
ADWO01000050.552.2023	Bacteria;Bacteroidetes;Bacteroidia;Bacteroidales;Prevotellaceae;Prevotella;Prevotella_bryantii
ACEC01000059.3517.5032	Bacteria;Firmicutes;Clostridia;Clostridiales;Ruminococcaceae;Incertae_Sedis;Clostridium
ACIK02000004.1283.2833	Bacteria;Firmicutes;Negativicutes;Selenomonadales;Veillonellaceae;Veillonella;Veillonella_dispar
ACIK02000004.641603.643153	Bacteria;Firmicutes;Negativicutes;Selenomonadales;Veillonellaceae;Veillonella;Veillonella_dispar
ADWO01000015.12352.13823	Bacteria;Bacteroidetes;Bacteroidia;Bacteroidales;Prevotellaceae;Prevotella;Prevotella_bryantii
ADWO01000035.11863.13333	Bacteria;Bacteroidetes;Bacteroidia;Bacteroidales;Prevotellaceae;Prevotella;Prevotella_bryantii
ADWO01000038.55881.57352	Bacteria;Bacteroidetes;Bacteroidia;Bacteroidales;Prevotellaceae;Prevotella;Prevotella_bryantii
ADWO01000042.10093.11564	Bacteria;Bacteroidetes;Bacteroidia;Bacteroidales;Prevotellaceae;Prevotella;Prevotella_bryantii
ADWO01000051.2972.4443	Bacteria;Bacteroidetes;Bacteroidia;Bacteroidales;Prevotellaceae;Prevotella;Prevotella_bryantii
ACIK02000021.64.1614	Bacteria;Firmicutes;Negativicutes;Selenomonadales;Veillonellaceae;Veillonella;Veillonella_dispar
ADMB01000074.90.1632	Bacteria;Firmicutes;Negativicutes;Selenomonadales;Veillonellaceae;Megamonas;Megamonas_funiformis
ADWO01000056.21041.22512	Bacteria;Bacteroidetes;Bacteroidia;Bacteroidales;Prevotellaceae;Prevotella;Prevotella_bryantii
ACIM02000001.564708.566263	Bacteria;Firmicutes;Negativicutes;Selenomonadales;Veillonellaceae;Dialister;Dialister_invisus
ACIM02000001.1245177.1246733	Bacteria;Firmicutes;Negativicutes;Selenomonadales;Veillonellaceae;Dialister;Dialister_invisus
ACXX02000011.96414.97923	Bacteria;Firmicutes;Clostridia;Clostridiales;Ruminococcaceae;Incertae_Sedis;Clostridium
ADWO01000019.29341.30812	Bacteria;Bacteroidetes;Bacteroidia;Bacteroidales;Prevotellaceae;Prevotella;Prevotella_bryantii
ADWO01000020.41675.43146	Bacteria;Bacteroidetes;Bacteroidia;Bacteroidales;Prevotellaceae;Prevotella;Prevotella_bryantii
ADWO01000022.28914.30385	Bacteria;Bacteroidetes;Bacteroidia;Bacteroidales;Prevotellaceae;Prevotella;Prevotella_bryantii
ADWO01000048.3732.5203	Bacteria;Bacteroidetes;Bacteroidia;Bacteroidales;Prevotellaceae;Prevotella;Prevotella_bryantii
AE015928.3034714.3036195	Bacteria;Bacteroidetes;Bacteroidia;Bacteroidales;Bacteroidaceae;Bacteroides;Bacteroides_thetaiotaomicron
AEDB02000059.1043.2533	Bacteria;Firmicutes;Clostridia;Clostridiales;Ruminococcaceae;Acetivibrio;Acetivibrio_cellulolyticus
AF016390.1.1538	Bacteria;Firmicutes;Bacilli;Lactobacillales;Carnobacteriaceae;Granulicatella;Granulicatella_elegans
AF061002.1.1513	Bacteria;Firmicutes;Bacilli;Lactobacillales;Enterococcaceae;Enterococcus;Enterococcus_pseudoavium
AF061013.1.1529	Bacteria;Firmicutes;Bacilli;Lactobacillales;Enterococcaceae;Enterococcus;Enterococcus_mundtii
AE015928.2340709.2342191	Bacteria;Bacteroidetes;Bacteroidia;Bacteroidales;Bacteroidaceae;Bacteroides;Bacteroides_thetaiotaomicron
AE015928.4983424.4984906	Bacteria;Bacteroidetes;Bacteroidia;Bacteroidales;Bacteroidaceae;Bacteroides;Bacteroides_thetaiotaomicron
AF186071.1.1509	Bacteria;Firmicutes;Negativicutes;Selenomonadales;Veillonellaceae;Veillonella;Veillonella_ratti
AE015928.3328965.3330446	Bacteria;Bacteroidetes;Bacteroidia;Bacteroidales;Bacteroidaceae;Bacteroides;Bacteroides_thetaiotaomicron
AEQO01000237.30.1459	Bacteria;Bacteroidetes;Bacteroidia;Bacteroidales;Prevotellaceae;Prevotella;Prevotella_salivae
AEDB02000042.329.1819	Bacteria;Firmicutes;Clostridia;Clostridiales;Ruminococcaceae;Acetivibrio;Acetivibrio_cellulolyticus
AF287802.1.1524	Bacteria;Firmicutes;Negativicutes;Selenomonadales;Veillonellaceae;Selenomonas;Selenomonas_infelix
AEWX01000054.75.1595	Bacteria;Bacteroidetes;Bacteroidia;Bacteroidales;Prevotellaceae;Prevotella;Prevotella_multiformis
AF061011.1.1507	Bacteria;Firmicutes;Bacilli;Lactobacillales;Enterococcaceae;Enterococcus;Enterococcus_hirae
AF133535.1.1524	Bacteria;Firmicutes;Bacilli;Lactobacillales;Enterococcaceae;Enterococcus;Enterococcus_avium
AF326472.1.1523	Bacteria;Firmicutes;Bacilli;Lactobacillales;Enterococcaceae;Enterococcus;Enterococcus_ratti
AF338413.1.1408	Bacteria;Firmicutes;Negativicutes;Selenomonadales;Veillonellaceae;Anaeroglobus;Anaeroglobus_geminatus
AF335596.1.1536	Bacteria;Firmicutes;Bacilli;Lactobacillales;Enterococcaceae;Enterococcus;Enterococcus_villorum
AF439641.1.1400	Bacteria;Firmicutes;Negativicutes;Selenomonadales;Veillonellaceae;Veillonella;Veillonella_atypica
AF473834.1.1411	Bacteria;Firmicutes;Negativicutes;Selenomonadales;Veillonellaceae;Megasphaera;Megasphaera_micronuciformis
AF186072.1.1492	Bacteria;Firmicutes;Negativicutes;Selenomonadales;Veillonellaceae;Veillonella;Veillonella_criceti
AF221061.1.1505	Bacteria;Firmicutes;Bacilli;Bacillales;Bacillaceae;Bacillus;Bacillus_jeotgali
AF439639.1.1375	Bacteria;Firmicutes;Negativicutes;Selenomonadales;Veillonellaceae;Veillonella;Veillonella_dispar
AF473837.1.1440	Bacteria;Firmicutes;Negativicutes;Selenomonadales;Veillonellaceae;Dialister;Dialister_micraerophilus
AF414833.1.1363	Bacteria;Bacteroidetes;Bacteroidia;Bacteroidales;Prevotellaceae;Prevotella;Prevotella_nigrescens
AF473836.1.1409	Bacteria;Firmicutes;Negativicutes;Selenomonadales;Veillonellaceae;Veillonella;Veillonella_montpellierensis
AFEU01000002.111041.112601	Bacteria;Firmicutes;Bacilli;Bacillales;Bacillaceae;Bacillus;Bacillus_methanolicus
AFPY01000135.116.1634	Bacteria;Bacteroidetes;Bacteroidia;Bacteroidales;Prevotellaceae;Prevotella;Prevotella_pallens
AF414821.1.1364	Bacteria;Bacteroidetes;Bacteroidia;Bacteroidales;Prevotellaceae;Prevotella;Prevotella_intermedia
AFBB01000028.152.1706	Bacteria;Firmicutes;Negativicutes;Selenomonadales;Veillonellaceae;Dialister;Dialister_micraerophilus
AF539705.1.1503	Bacteria;Firmicutes;Bacilli;Lactobacillales;Enterococcaceae;Enterococcus;Enterococcus_ratti
AF548373.1.1537	Bacteria;Firmicutes;Negativicutes;Selenomonadales;Veillonellaceae;Allisonella;Allisonella_histaminiformans
AFEU01000002.221448.223008	Bacteria;Firmicutes;Bacilli;Bacillales;Bacillaceae;Bacillus;Bacillus_methanolicus
AFEU01000002.289101.290661	Bacteria;Firmicutes;Bacilli;Bacillales;Bacillaceae;Bacillus;Bacillus_methanolicus
AFJE01000009.692753.694264	Bacteria;Bacteroidetes;Bacteroidia;Bacteroidales;Prevotellaceae;Prevotella;Prevotella_multisaccharivorax
AFJE01000016.325925.327440	Bacteria;Bacteroidetes;Bacteroidia;Bacteroidales;Prevotellaceae;Prevotella;Prevotella_multisaccharivorax
AFEU01000002.354704.356262	Bacteria;Firmicutes;Bacilli;Bacillales;Bacillaceae;Bacillus;Bacillus_methanolicus
AFEU01000002.380835.382395	Bacteria;Firmicutes;Bacilli;Bacillales;Bacillaceae;Bacillus;Bacillus_methanolicus
AFJE01000009.5769.7279	Bacteria;Bacteroidetes;Bacteroidia;Bacteroidales;Prevotellaceae;Prevotella;Prevotella_multisaccharivorax
AFJE01000021.76139.77648	Bacteria;Bacteroidetes;Bacteroidia;Bacteroidales;Prevotellaceae;Prevotella;Prevotella_multisaccharivorax
AFPX01000069.42.1561	Bacteria;Bacteroidetes;Bacteroidia;Bacteroidales;Prevotellaceae;Prevotella;Prevotella_nigrescens
AHYV01000010.3030.4576	Bacteria;Firmicutes;Bacilli;Lactobacillales;Enterococcaceae;Enterococcus;Enterococcus_avium
AHYV01000050.103106.104652	Bacteria;Firmicutes;Bacilli;Lactobacillales;Enterococcaceae;Enterococcus;Enterococcus_avium
AJ006457.1.1486	Bacteria;Bacteroidetes;Bacteroidia;Bacteroidales;Prevotellaceae;Prevotella;Prevotella_bryantii
AHYV01000015.27495.29041	Bacteria;Firmicutes;Bacilli;Lactobacillales;Enterococcaceae;Enterococcus;Enterococcus_avium
AHYV01000035.31.1577	Bacteria;Firmicutes;Bacilli;Lactobacillales;Enterococcaceae;Enterococcus;Enterococcus_avium
AJ011683.1.1495	Bacteria;Bacteroidetes;Bacteroidia;Bacteroidales;Prevotellaceae;Prevotella;Prevotella_albensis
AHYV01000043.150911.152457	Bacteria;Firmicutes;Bacilli;Lactobacillales;Enterococcaceae;Enterococcus;Enterococcus_avium
AJ006980.1.1495	Bacteria;Firmicutes;Negativicutes;Selenomonadales;Acidaminococcaceae;Succinispira;Succinispira_mobilis
AJ011682.1.1493	Bacteria;Bacteroidetes;Bacteroidia;Bacteroidales;Prevotellaceae;Prevotella;Prevotella_brevis
AJ276356.1.1535	Bacteria;Firmicutes;Bacilli;Lactobacillales;Enterococcaceae;Enterococcus;Enterococcus_hirae
AJ271329.1.1512	Bacteria;Firmicutes;Bacilli;Lactobacillales;Enterococcaceae;Enterococcus;Enterococcus_villorum
AJ276355.1.1533	Bacteria;Firmicutes;Bacilli;Lactobacillales;Enterococcaceae;Enterococcus;Enterococcus_faecium
AJ279801.1.1524	Bacteria;Firmicutes;Negativicutes;Selenomonadales;Veillonellaceae;Sporomusa;Sporomusa_sphaeroides
AJ276354.1.1534	Bacteria;Firmicutes;Bacilli;Lactobacillales;Enterococcaceae;Enterococcus;Enterococcus_durans
AJ301825.1.1547	Bacteria;Firmicutes;Bacilli;Lactobacillales;Enterococcaceae;Enterococcus;Enterococcus_avium
AJ301836.1.1555	Bacteria;Firmicutes;Bacilli;Lactobacillales;Enterococcaceae;Enterococcus;Enterococcus_mundtii
AJ305238.1.1505	Bacteria;Firmicutes;Clostridia;Clostridiales;Ruminococcaceae;Incertae_Sedis;Clostridium
AJ301830.1.1551	Bacteria;Firmicutes;Bacilli;Lactobacillales;Enterococcaceae;Enterococcus;Enterococcus_faecium
AJ301837.1.1547	Bacteria;Firmicutes;Bacilli;Lactobacillales;Enterococcaceae;Enterococcus;Enterococcus_pseudoavium
AJ310082.1.1500	Bacteria;Firmicutes;Clostridia;Clostridiales;Ruminococcaceae;Incertae_Sedis;[Clostridium]
AJ301835.1.1549	Bacteria;Firmicutes;Bacilli;Lactobacillales;Enterococcaceae;Enterococcus;Enterococcus_malodoratus
AJ301834.1.1550	Bacteria;Firmicutes;Bacilli;Lactobacillales;Enterococcaceae;Enterococcus;Enterococcus_hirae
AJ315980.1.1393	Bacteria;Firmicutes;Clostridia;Clostridiales;Ruminococcaceae;Anaerotruncus;Anaerotruncus_colihominis
AJ413954.1.1462	Bacteria;Firmicutes;Clostridia;Clostridiales;Ruminococcaceae;Faecalibacterium;Faecalibacterium_prausnitzii
AJ420801.1.1506	Bacteria;Firmicutes;Bacilli;Lactobacillales;Enterococcaceae;Enterococcus;Enterococcus_durans
AJ420107.1.1518	Bacteria;Firmicutes;Negativicutes;Selenomonadales;Veillonellaceae;Megamonas;Megamonas_hypermegale
AJ420806.1.1520	Bacteria;Firmicutes;Bacilli;Lactobacillales;Enterococcaceae;Enterococcus;Enterococcus_mundtii
AJ420800.1.1489	Bacteria;Firmicutes;Bacilli;Lactobacillales;Enterococcaceae;Enterococcus;Enterococcus_faecium
AJ420799.1.1514	Bacteria;Firmicutes;Bacilli;Lactobacillales;Enterococcaceae;Enterococcus;Enterococcus_hirae
AJ458418.1.1483	Bacteria;Firmicutes;Clostridia;Clostridiales;Clostridiaceae_1;Clostridium
AJ458420.1.1425	Bacteria;Firmicutes;Clostridia;Clostridiales;Clostridiaceae_1;Clostridium
AJ518869.1.1428	Bacteria;Firmicutes;Clostridia;Clostridiales;Ruminococcaceae;Subdoligranulum;Subdoligranulum_variabile
AJ888906.1.1511	Bacteria;Firmicutes;Bacilli;Lactobacillales;Enterococcaceae;Enterococcus;Enterococcus_canintestini
AJ891167.1.1511	Bacteria;Firmicutes;Bacilli;Lactobacillales;Enterococcaceae;Enterococcus;Enterococcus_devriesei
AJAI01000006.172932.174479	Bacteria;Firmicutes;Bacilli;Lactobacillales;Enterococcaceae;Enterococcus;Enterococcus_hirae
AJAT01000006.82195.83742	Bacteria;Firmicutes;Bacilli;Lactobacillales;Enterococcaceae;Enterococcus;Enterococcus_phoeniculicola
AJAT01000017.3464.5011	Bacteria;Firmicutes;Bacilli;Lactobacillales;Enterococcaceae;Enterococcus;Enterococcus_phoeniculicola
AJDQ01000006.231427.232973	Bacteria;Firmicutes;Bacilli;Lactobacillales;Enterococcaceae;Enterococcus;Enterococcus_gilvus
AJDQ01000007.391439.392985	Bacteria;Firmicutes;Bacilli;Lactobacillales;Enterococcaceae;Enterococcus;Enterococcus_gilvus
AJDQ01000011.25.1571	Bacteria;Firmicutes;Bacilli;Lactobacillales;Enterococcaceae;Enterococcus;Enterococcus_gilvus
AJKH01000109.82.1622	Bacteria;Firmicutes;Bacilli;Lactobacillales;Enterococcaceae;Enterococcus;Enterococcus_faecium
AJVZ01000001.43924.45432	Bacteria;Bacteroidetes;Bacteroidia;Bacteroidales;Prevotellaceae;Prevotella;Prevotella_bivia
AJAI01000005.14655.16202	Bacteria;Firmicutes;Bacilli;Lactobacillales;Enterococcaceae;Enterococcus;Enterococcus_hirae
AJAN01000014.71274.72821	Bacteria;Firmicutes;Bacilli;Lactobacillales;Enterococcaceae;Enterococcus;Enterococcus_villorum
AJDQ01000012.645391.646937	Bacteria;Firmicutes;Bacilli;Lactobacillales;Enterococcaceae;Enterococcus;Enterococcus_gilvus
AJVZ01000011.66937.68447	Bacteria;Bacteroidetes;Bacteroidia;Bacteroidales;Prevotellaceae;Prevotella;Prevotella_bivia
AJAI01000009.82484.84031	Bacteria;Firmicutes;Bacilli;Lactobacillales;Enterococcaceae;Enterococcus;Enterococcus_hirae
AJAN01000023.62.1609	Bacteria;Firmicutes;Bacilli;Lactobacillales;Enterococcaceae;Enterococcus;Enterococcus_villorum
AJDQ01000009.112471.114017	Bacteria;Firmicutes;Bacilli;Lactobacillales;Enterococcaceae;Enterococcus;Enterococcus_gilvus
AJVZ01000012.335780.337288	Bacteria;Bacteroidetes;Bacteroidia;Bacteroidales;Prevotellaceae;Prevotella;Prevotella_bivia
AJAI01000011.158105.159652	Bacteria;Firmicutes;Bacilli;Lactobacillales;Enterococcaceae;Enterococcus;Enterococcus_hirae
AJAI01000012.23.1570	Bacteria;Firmicutes;Bacilli;Lactobacillales;Enterococcaceae;Enterococcus;Enterococcus_hirae
AJAN01000011.45253.46800	Bacteria;Firmicutes;Bacilli;Lactobacillales;Enterococcaceae;Enterococcus;Enterococcus_villorum
AJAN01000019.259429.260976	Bacteria;Firmicutes;Bacilli;Lactobacillales;Enterococcaceae;Enterococcus;Enterococcus_villorum
AJVZ01000014.101467.102975	Bacteria;Bacteroidetes;Bacteroidia;Bacteroidales;Prevotellaceae;Prevotella;Prevotella_bivia
AM230650.1.1368	Bacteria;Bacteroidetes;Bacteroidia;Bacteroidales;Bacteroidaceae;Bacteroides;Bacteroides_xylanisolvens
AM422125.1.1474	Bacteria;Bacteroidetes;Bacteroidia;Bacteroidales;Prevotellaceae;Prevotella;Prevotella_amnii
AM286423.1.1544	Bacteria;Firmicutes;Bacilli;Bacillales;Planococcaceae;Bhargavaea;Bhargavaea_cecembensis
AM747234.1.1532	Bacteria;Firmicutes;Bacilli;Bacillales;Bacillaceae;Bacillus;Bacillus_cereus
AMEX01000022.25.1575	Bacteria;Firmicutes;Negativicutes;Selenomonadales;Veillonellaceae;Veillonella;Veillonella_atypica
AM915269.1.1521	Bacteria;Firmicutes;Clostridia;Clostridiales;Ruminococcaceae;Ruminococcus;Ruminococcus_flavefaciens
AQHX01000008.421436.422946	Bacteria;Bacteroidetes;Bacteroidia;Bacteroidales;Bacteroidaceae;Bacteroides;Bacteroides_salyersiae
AQHX01000018.1891.3401	Bacteria;Bacteroidetes;Bacteroidia;Bacteroidales;Bacteroidaceae;Bacteroides;Bacteroides_salyersiae
AQHX01000010.665280.666790	Bacteria;Bacteroidetes;Bacteroidia;Bacteroidales;Bacteroidaceae;Bacteroides;Bacteroides_salyersiae
AQZZ01000002.9217.10746	Bacteria;Firmicutes;Negativicutes;Selenomonadales;Acidaminococcaceae;Succinispira;Succinispira_mobilis
AQHX01000020.1891.3401	Bacteria;Bacteroidetes;Bacteroidia;Bacteroidales;Bacteroidaceae;Bacteroides;Bacteroides_salyersiae
AQQF01000149.38.1530	Bacteria;Firmicutes;Clostridia;Clostridiales;Clostridiaceae_1;Clostridium
AQZZ01000003.167839.169375	Bacteria;Firmicutes;Negativicutes;Selenomonadales;Acidaminococcaceae;Succinispira;Succinispira_mobilis
AQZZ01000002.475142.476671	Bacteria;Firmicutes;Negativicutes;Selenomonadales;Acidaminococcaceae;Succinispira;Succinispira_mobilis
ARFR01000003.2.1263	Bacteria;Bacteroidetes;Bacteroidia;Bacteroidales;Bacteroidaceae;Bacteroides;Bacteroides_gallinarum
ASWE01000005.131554.133101	Bacteria;Firmicutes;Bacilli;Lactobacillales;Enterococcaceae;Enterococcus;Enterococcus_phoeniculicola
ASWH01000001.1002497.1004043	Bacteria;Firmicutes;Bacilli;Lactobacillales;Enterococcaceae;Enterococcus;Enterococcus_gilvus
ASWH01000001.3031931.3033477	Bacteria;Firmicutes;Bacilli;Lactobacillales;Enterococcaceae;Enterococcus;Enterococcus_gilvus
ASWG01000003.1106917.1108464	Bacteria;Firmicutes;Bacilli;Lactobacillales;Enterococcaceae;Enterococcus;Enterococcus_villorum
ASWE01000006.78618.80165	Bacteria;Firmicutes;Bacilli;Lactobacillales;Enterococcaceae;Enterococcus;Enterococcus_phoeniculicola
ASWG01000004.126047.127594	Bacteria;Firmicutes;Bacilli;Lactobacillales;Enterococcaceae;Enterococcus;Enterococcus_villorum
ASWH01000001.1774367.1775913	Bacteria;Firmicutes;Bacilli;Lactobacillales;Enterococcaceae;Enterococcus;Enterococcus_gilvus
ASWH01000001.2758225.2759771	Bacteria;Firmicutes;Bacilli;Lactobacillales;Enterococcaceae;Enterococcus;Enterococcus_gilvus
ASVZ01000001.215077.216624	Bacteria;Firmicutes;Bacilli;Lactobacillales;Enterococcaceae;Enterococcus;Enterococcus_hirae
ASVZ01000003.354488.356035	Bacteria;Firmicutes;Bacilli;Lactobacillales;Enterococcaceae;Enterococcus;Enterococcus_hirae
ASWE01000002.450076.451623	Bacteria;Firmicutes;Bacilli;Lactobacillales;Enterococcaceae;Enterococcus;Enterococcus_phoeniculicola
ASWG01000003.640691.642238	Bacteria;Firmicutes;Bacilli;Lactobacillales;Enterococcaceae;Enterococcus;Enterococcus_villorum
ASWH01000001.662560.664106	Bacteria;Firmicutes;Bacilli;Lactobacillales;Enterococcaceae;Enterococcus;Enterococcus_gilvus
ASWH01000001.2752869.2754415	Bacteria;Firmicutes;Bacilli;Lactobacillales;Enterococcaceae;Enterococcus;Enterococcus_gilvus
AUAN01000035.1.1363	Bacteria;Firmicutes;Negativicutes;Selenomonadales;Veillonellaceae;Veillonella;Veillonella_magna
AY028437.1.1479	Bacteria;Firmicutes;Bacilli;Lactobacillales;Enterococcaceae;Enterococcus;Enterococcus_phoeniculicola
AY162469.1.1524	Bacteria;Firmicutes;Negativicutes;Selenomonadales;Veillonellaceae;Dialister;Dialister_invisus
AY126616.1.1493	Bacteria;Bacteroidetes;Bacteroidia;Bacteroidales;Bacteroidaceae;Bacteroides;Bacteroides_massiliensis
AY295777.1.1499	Bacteria;Firmicutes;Clostridia;Clostridiales;Ruminococcaceae;Ethanoligenens;Ethanoligenens_harbinense
AY355138.1.1396	Bacteria;Firmicutes;Negativicutes;Selenomonadales;Veillonellaceae;Veillonella;Veillonella_ratti
AY228334.1.1474	Bacteria;Firmicutes;Clostridia;Clostridiales;Clostridiaceae_1;Clostridium
AY323524.1.1506	Bacteria;Bacteroidetes;Bacteroidia;Bacteroidales;Prevotellaceae;Prevotella;Prevotella_denticola
AY355140.1.1402	Bacteria;Firmicutes;Negativicutes;Selenomonadales;Veillonellaceae;Veillonella;Veillonella_caviae
AY445593.1.1505	Bacteria;Firmicutes;Clostridia;Clostridiales;Ruminococcaceae;Ruminococcus;Ruminococcus_flavefaciens
AY487928.1.1533	Bacteria;Firmicutes;Clostridia;Clostridiales;Ruminococcaceae;Acetanaerobacterium;Acetanaerobacterium_elongatum
AY323525.1.1506	Bacteria;Bacteroidetes;Bacteroidia;Bacteroidales;Prevotellaceae;Prevotella;Prevotella_melaninogenica
AY514996.1.1307	Bacteria;Firmicutes;Negativicutes;Selenomonadales;Veillonellaceae;Veillonella;Veillonella_rodentium
AY443038.1.1541	Bacteria;Firmicutes;Bacilli;Bacillales;Bacillaceae;Bacillus;Bacillus_fortis
AY445600.1.1503	Bacteria;Firmicutes;Clostridia;Clostridiales;Ruminococcaceae;Ruminococcus;Ruminococcus_albus
AY608696.1.1419	Bacteria;Bacteroidetes;Bacteroidia;Bacteroidales;Bacteroidaceae;Bacteroides;Bacteroides_salyersiae
AY652736.1.1451	Bacteria;Bacteroidetes;Bacteroidia;Bacteroidales;Bacteroidaceae;Bacteroides;Bacteroides_ovatus
AY608697.1.1413	Bacteria;Bacteroidetes;Bacteroidia;Bacteroidales;Bacteroidaceae;Bacteroides;Bacteroides_nordii
AY675965.1.1497	Bacteria;Firmicutes;Clostridia;Clostridiales;Ruminococcaceae;Ethanoligenens;Ethanoligenens_harbinense
AY836507.1.1453	Bacteria;Bacteroidetes;Bacteroidia;Bacteroidales;Prevotellaceae;Prevotella;Prevotella_veroralis
AY850119.1.1396	Bacteria;Firmicutes;Negativicutes;Selenomonadales;Veillonellaceae;Dialister;Dialister_propionicifaciens
AY959944.1.1489	Bacteria;Firmicutes;Clostridia;Clostridiales;Ruminococcaceae;Incertae_Sedis;Clostridium
AY995768.1.1498	Bacteria;Firmicutes;Negativicutes;Selenomonadales;Veillonellaceae;Veillonella;Veillonella_atypica
AY995767.1.1497	Bacteria;Firmicutes;Negativicutes;Selenomonadales;Veillonellaceae;Veillonella;Veillonella_parvula
AY995770.1.1498	Bacteria;Firmicutes;Negativicutes;Selenomonadales;Veillonellaceae;Veillonella;Veillonella_dispar
AY995769.1.1500	Bacteria;Firmicutes;Negativicutes;Selenomonadales;Veillonellaceae;Veillonella;Veillonella_parvula
CP000139.2183533.2185042	Bacteria;Bacteroidetes;Bacteroidia;Bacteroidales;Bacteroidaceae;Bacteroides;Bacteroides_vulgatus
CP000139.4743140.4744649	Bacteria;Bacteroidetes;Bacteroidia;Bacteroidales;Bacteroidaceae;Bacteroides;Bacteroides_vulgatus
CP000139.346743.348252	Bacteria;Bacteroidetes;Bacteroidia;Bacteroidales;Bacteroidaceae;Bacteroides;Bacteroides_vulgatus
CP000139.647842.649351	Bacteria;Bacteroidetes;Bacteroidia;Bacteroidales;Bacteroidaceae;Bacteroides;Bacteroides_vulgatus
CP000246.310696.312213	Bacteria;Firmicutes;Clostridia;Clostridiales;Clostridiaceae_1;Clostridium
CP000139.2587720.2589229	Bacteria;Bacteroidetes;Bacteroidia;Bacteroidales;Bacteroidaceae;Bacteroides;Bacteroides_vulgatus
CP000139.4430477.4431986	Bacteria;Bacteroidetes;Bacteroidia;Bacteroidales;Bacteroidaceae;Bacteroides;Bacteroides_vulgatus
CP000139.2095441.2096950	Bacteria;Bacteroidetes;Bacteroidia;Bacteroidales;Bacteroidaceae;Bacteroides;Bacteroides_vulgatus
CP000568.3427593.3429113	Bacteria;Firmicutes;Clostridia;Clostridiales;Ruminococcaceae;Incertae_Sedis;Clostridium
CP000721.9623.11127	Bacteria;Firmicutes;Clostridia;Clostridiales;Clostridiaceae_1;Clostridium
CP000721.446133.447637	Bacteria;Firmicutes;Clostridia;Clostridiales;Clostridiaceae_1;Clostridium
CP000721.5750494.5751998	Bacteria;Firmicutes;Clostridia;Clostridiales;Clostridiaceae_1;Clostridium
CP000721.5773724.5775228	Bacteria;Firmicutes;Clostridia;Clostridiales;Clostridiaceae_1;Clostridium
CP000764.9424.10967	Bacteria;Firmicutes;Bacilli;Bacillales;Bacillaceae;Bacillus;Bacillus_cytotoxicus
CP000764.256593.258136	Bacteria;Firmicutes;Bacilli;Bacillales;Bacillaceae;Bacillus;Bacillus_cytotoxicus
CP000764.277345.278888	Bacteria;Firmicutes;Bacilli;Bacillales;Bacillaceae;Bacillus;Bacillus_cytotoxicus
CP000568.3665491.3667011	Bacteria;Firmicutes;Clostridia;Clostridiales;Ruminococcaceae;Incertae_Sedis;Clostridium
CP000721.2031255.2032759	Bacteria;Firmicutes;Clostridia;Clostridiales;Clostridiaceae_1;Clostridium
CP000721.2254715.2256219	Bacteria;Firmicutes;Clostridia;Clostridiales;Clostridiaceae_1;Clostridium
CP000721.5931454.5932958	Bacteria;Firmicutes;Clostridia;Clostridiales;Clostridiaceae_1;Clostridium
CP000764.88601.90144	Bacteria;Firmicutes;Bacilli;Bacillales;Bacillaceae;Bacillus;Bacillus_cytotoxicus
CP000568.2816913.2818433	Bacteria;Firmicutes;Clostridia;Clostridiales;Ruminococcaceae;Incertae_Sedis;Clostridium
CP000568.3599368.3600888	Bacteria;Firmicutes;Clostridia;Clostridiales;Ruminococcaceae;Incertae_Sedis;Clostridium
CP000721.924919.926423	Bacteria;Firmicutes;Clostridia;Clostridiales;Clostridiaceae_1;Clostridium
CP000721.3402720.3404224	Bacteria;Firmicutes;Clostridia;Clostridiales;Clostridiaceae_1;Clostridium
CP000721.5741441.5742945	Bacteria;Firmicutes;Clostridia;Clostridiales;Clostridiaceae_1;Clostridium
CP000764.302785.304328	Bacteria;Firmicutes;Bacilli;Bacillales;Bacillaceae;Bacillus;Bacillus_cytotoxicus
CP000764.691784.693327	Bacteria;Firmicutes;Bacilli;Bacillales;Bacillaceae;Bacillus;Bacillus_cytotoxicus
CP000721.5767787.5769291	Bacteria;Firmicutes;Clostridia;Clostridiales;Clostridiaceae_1;Clostridium
CP000764.29256.30799	Bacteria;Firmicutes;Bacilli;Bacillales;Bacillaceae;Bacillus;Bacillus_cytotoxicus
CP000764.82758.84301	Bacteria;Firmicutes;Bacilli;Bacillales;Bacillaceae;Bacillus;Bacillus_cytotoxicus
CP000764.151867.153410	Bacteria;Firmicutes;Bacilli;Bacillales;Bacillaceae;Bacillus;Bacillus_cytotoxicus
CP000764.515522.517065	Bacteria;Firmicutes;Bacilli;Bacillales;Bacillaceae;Bacillus;Bacillus_cytotoxicus
CP001348.605119.606759	Bacteria;Firmicutes;Clostridia;Clostridiales;Ruminococcaceae;Incertae_Sedis;Clostridium
CP001820.103635.105185	Bacteria;Firmicutes;Negativicutes;Selenomonadales;Veillonellaceae;Veillonella;Veillonella_parvula
CP001820.579094.580644	Bacteria;Firmicutes;Negativicutes;Selenomonadales;Veillonellaceae;Veillonella;Veillonella_parvula
CP002122.1506695.1508172	Bacteria;Bacteroidetes;Bacteroidia;Bacteroidales;Prevotellaceae;Prevotella;Prevotella_melaninogenica
CP002122.1707310.1708787	Bacteria;Bacteroidetes;Bacteroidia;Bacteroidales;Prevotellaceae;Prevotella;Prevotella_melaninogenica
CP002122.369973.371450	Bacteria;Bacteroidetes;Bacteroidia;Bacteroidales;Prevotellaceae;Prevotella;Prevotella_melaninogenica
CP001820.722770.724320	Bacteria;Firmicutes;Negativicutes;Selenomonadales;Veillonellaceae;Veillonella;Veillonella_parvula
CP001820.1572261.1573812	Bacteria;Firmicutes;Negativicutes;Selenomonadales;Veillonellaceae;Veillonella;Veillonella_parvula
CP002352.203874.205386	Bacteria;Bacteroidetes;Bacteroidia;Bacteroidales;Bacteroidaceae;Bacteroides;Bacteroides_helcogenes
CP002403.417348.418847	Bacteria;Firmicutes;Clostridia;Clostridiales;Ruminococcaceae;Ruminococcus;Ruminococcus_albus
CP002123.962840.964317	Bacteria;Bacteroidetes;Bacteroidia;Bacteroidales;Prevotellaceae;Prevotella;Prevotella_melaninogenica
CP002400.451603.453094	Bacteria;Firmicutes;Clostridia;Clostridiales;Ruminococcaceae;Ethanoligenens;Ethanoligenens_harbinense
CP002400.2304237.2305728	Bacteria;Firmicutes;Clostridia;Clostridiales;Ruminococcaceae;Ethanoligenens;Ethanoligenens_harbinense
CP002403.2867312.2868810	Bacteria;Firmicutes;Clostridia;Clostridiales;Ruminococcaceae;Ruminococcus;Ruminococcus_albus
CP002352.281842.283354	Bacteria;Bacteroidetes;Bacteroidia;Bacteroidales;Bacteroidaceae;Bacteroides;Bacteroides_helcogenes
CP002352.1392984.1394495	Bacteria;Bacteroidetes;Bacteroidia;Bacteroidales;Bacteroidaceae;Bacteroides;Bacteroides_helcogenes
CP002530.3080993.3082512	Bacteria;Bacteroidetes;Bacteroidia;Bacteroidales;Bacteroidaceae;Bacteroides;Bacteroides_salanitronis
CP002530.3407541.3409061	Bacteria;Bacteroidetes;Bacteroidia;Bacteroidales;Bacteroidaceae;Bacteroides;Bacteroides_salanitronis
CP002530.4225341.4226859	Bacteria;Bacteroidetes;Bacteroidia;Bacteroidales;Bacteroidaceae;Bacteroides;Bacteroides_salanitronis
CP002352.2462671.2464181	Bacteria;Bacteroidetes;Bacteroidia;Bacteroidales;Bacteroidaceae;Bacteroides;Bacteroides_helcogenes
CP002352.3766053.3767565	Bacteria;Bacteroidetes;Bacteroidia;Bacteroidales;Bacteroidaceae;Bacteroides;Bacteroides_helcogenes
CP002400.2984437.2985928	Bacteria;Firmicutes;Clostridia;Clostridiales;Ruminococcaceae;Ethanoligenens;Ethanoligenens_harbinense
CP002403.1548328.1549826	Bacteria;Firmicutes;Clostridia;Clostridiales;Ruminococcaceae;Ruminococcus;Ruminococcus_albus
CP002403.3675459.3676957	Bacteria;Firmicutes;Clostridia;Clostridiales;Ruminococcaceae;Ruminococcus;Ruminococcus_albus
CP002530.2619825.2621344	Bacteria;Bacteroidetes;Bacteroidia;Bacteroidales;Bacteroidaceae;Bacteroides;Bacteroides_salanitronis
CP002530.3176529.3178048	Bacteria;Bacteroidetes;Bacteroidia;Bacteroidales;Bacteroidaceae;Bacteroides;Bacteroides_salanitronis
CP002530.3614908.3616425	Bacteria;Bacteroidetes;Bacteroidia;Bacteroidales;Bacteroidaceae;Bacteroides;Bacteroides_salanitronis
CP003065.3827709.3829075	Bacteria;Firmicutes;Clostridia;Clostridiales;Ruminococcaceae;Incertae_Sedis;Clostridium
CP003065.3890932.3892298	Bacteria;Firmicutes;Clostridia;Clostridiales;Ruminococcaceae;Incertae_Sedis;Clostridium
CP003065.2605440.2606806	Bacteria;Firmicutes;Clostridia;Clostridiales;Ruminococcaceae;Incertae_Sedis;Clostridium
CP003065.4508602.4509968	Bacteria;Firmicutes;Clostridia;Clostridiales;Ruminococcaceae;Incertae_Sedis;Clostridium
CP003065.4516505.4517871	Bacteria;Firmicutes;Clostridia;Clostridiales;Ruminococcaceae;Incertae_Sedis;Clostridium
CP003504.1295509.1297070	Bacteria;Firmicutes;Bacilli;Lactobacillales;Enterococcaceae;Enterococcus;Enterococcus_hirae
CP003504.2735506.2737068	Bacteria;Firmicutes;Bacilli;Lactobacillales;Enterococcaceae;Enterococcus;Enterococcus_hirae
CP003504.1515373.1516937	Bacteria;Firmicutes;Bacilli;Lactobacillales;Enterococcaceae;Enterococcus;Enterococcus_hirae
CP003992.857115.858529	Bacteria;Firmicutes;Clostridia;Clostridiales;Ruminococcaceae;Incertae_Sedis;Clostridium
CP004121.4257786.4259286	Bacteria;Firmicutes;Clostridia;Clostridiales;Clostridiaceae_1;Clostridium
CP003065.4884776.4886142	Bacteria;Firmicutes;Clostridia;Clostridiales;Ruminococcaceae;Incertae_Sedis;Clostridium
CP003504.587633.589195	Bacteria;Firmicutes;Bacilli;Lactobacillales;Enterococcaceae;Enterococcus;Enterococcus_hirae
CP003504.944587.946155	Bacteria;Firmicutes;Bacilli;Lactobacillales;Enterococcaceae;Enterococcus;Enterococcus_hirae
CP003504.1121147.1122709	Bacteria;Firmicutes;Bacilli;Lactobacillales;Enterococcaceae;Enterococcus;Enterococcus_hirae
CP004044.2961708.2963228	Bacteria;Firmicutes;Clostridia;Clostridiales;Ruminococcaceae;Incertae_Sedis;Clostridium
CP004121.9446.10946	Bacteria;Firmicutes;Clostridia;Clostridiales;Clostridiaceae_1;Clostridium
CP004121.5788910.5790410	Bacteria;Firmicutes;Clostridia;Clostridiales;Clostridiaceae_1;Clostridium
CP004121.6437713.6439213	Bacteria;Firmicutes;Clostridia;Clostridiales;Clostridiaceae_1;Clostridium
CP003992.2957551.2958965	Bacteria;Firmicutes;Clostridia;Clostridiales;Ruminococcaceae;Incertae_Sedis;Clostridium
CP004044.856992.858513	Bacteria;Firmicutes;Clostridia;Clostridiales;Ruminococcaceae;Incertae_Sedis;Clostridium
CP004044.2311097.2312617	Bacteria;Firmicutes;Clostridia;Clostridiales;Ruminococcaceae;Incertae_Sedis;Clostridium
CP004121.149180.150680	Bacteria;Firmicutes;Clostridia;Clostridiales;Clostridiaceae_1;Clostridium
CP004121.802658.804158	Bacteria;Firmicutes;Clostridia;Clostridiales;Clostridiaceae_1;Clostridium
CP004121.6252854.6254354	Bacteria;Firmicutes;Clostridia;Clostridiales;Clostridiaceae_1;Clostridium
D78459.1.1419	Bacteria;Firmicutes;Bacilli;Bacillales;Paenibacillaceae;Brevibacillus;Brevibacillus_choshinensis
DQ223729.1.1540	Bacteria;Firmicutes;Negativicutes;Selenomonadales;Veillonellaceae;Megasphaera;Megasphaera_sueciensis
CP003992.2306943.2308357	Bacteria;Firmicutes;Clostridia;Clostridiales;Ruminococcaceae;Incertae_Sedis;Clostridium
CP004121.560682.562182	Bacteria;Firmicutes;Clostridia;Clostridiales;Clostridiaceae_1;Clostridium
CP004121.5763217.5764717	Bacteria;Firmicutes;Clostridia;Clostridiales;Clostridiaceae_1;Clostridium
DQ352839.1.1507	Bacteria;Firmicutes;Bacilli;Bacillales;Staphylococcaceae;Salinicoccus;Salinicoccus_luteus
DQ411810.1.1481	Bacteria;Firmicutes;Bacilli;Lactobacillales;Enterococcaceae;Enterococcus;Enterococcus_gilvus
DQ411813.1.1482	Bacteria;Firmicutes;Bacilli;Lactobacillales;Enterococcaceae;Enterococcus;Enterococcus_faecium
DQ117465.1.1549	Bacteria;Firmicutes;Clostridia;Clostridiales;Gracilibacteraceae;Gracilibacter;Gracilibacter_thermotolerans
DQ223730.1.1553	Bacteria;Firmicutes;Negativicutes;Selenomonadales;Veillonellaceae;Megasphaera;Megasphaera_paucivorans
DQ411809.1.1481	Bacteria;Firmicutes;Bacilli;Lactobacillales;Enterococcaceae;Enterococcus;Enterococcus_pseudoavium
DQ518919.1.1454	Bacteria;Bacteroidetes;Bacteroidia;Bacteroidales;Prevotellaceae;Prevotella;Prevotella_timonensis
DQ411811.1.1481	Bacteria;Firmicutes;Bacilli;Lactobacillales;Enterococcaceae;Enterococcus;Enterococcus_avium
EF371374.1.1512	Bacteria;Firmicutes;Bacilli;Bacillales;Planococcaceae;Bhargavaea;Bhargavaea_beijingensis
EF197994.1.1485	Bacteria;Firmicutes;Bacilli;Lactobacillales;Enterococcaceae;Enterococcus;Enterococcus_thailandicus
EF371375.1.1512	Bacteria;Firmicutes;Bacilli;Bacillales;Planococcaceae;Bhargavaea;Bhargavaea_ginsengi
EF534314.1.1454	Bacteria;Bacteroidetes;Bacteroidia;Bacteroidales;Prevotellaceae;Prevotella;Prevotella_maculosa
EF108443.1.1344	Bacteria;Firmicutes;Negativicutes;Selenomonadales;Veillonellaceae;Veillonella;Veillonella_rogosae
EF185167.1.1497	Bacteria;Firmicutes;Negativicutes;Selenomonadales;Veillonellaceae;Veillonella;Veillonella_denticariosi
EU126661.1.1453	Bacteria;Bacteroidetes;Bacteroidia;Bacteroidales;Prevotellaceae;Prevotella;Prevotella_histicola
EU136684.1.1926	Bacteria;Bacteroidetes;Bacteroidia;Bacteroidales;Bacteroidaceae;Bacteroides;Bacteroides_stercoris
EU136688.1.1853	Bacteria;Bacteroidetes;Bacteroidia;Bacteroidales;Bacteroidaceae;Bacteroides;Bacteroides_coprocola
EU136693.1.2184	Bacteria;Bacteroidetes;Bacteroidia;Bacteroidales;Bacteroidaceae;Bacteroides;Bacteroides_nordii
EU136687.1.1985	Bacteria;Bacteroidetes;Bacteroidia;Bacteroidales;Bacteroidaceae;Bacteroides;Bacteroides_vulgatus
EU136692.1.2115	Bacteria;Bacteroidetes;Bacteroidia;Bacteroidales;Bacteroidaceae;Bacteroides;Bacteroides_helcogenes
EU136682.1.1435	Bacteria;Bacteroidetes;Bacteroidia;Bacteroidales;Bacteroidaceae;Bacteroides;Bacteroides_ovatus
EU136686.1.1972	Bacteria;Bacteroidetes;Bacteroidia;Bacteroidales;Bacteroidaceae;Bacteroides;Bacteroides_caccae
EU136690.1.2033	Bacteria;Bacteroidetes;Bacteroidia;Bacteroidales;Bacteroidaceae;Bacteroides;Bacteroides_salyersiae
EU096495.1.1449	Bacteria;Firmicutes;Negativicutes;Selenomonadales;Veillonellaceae;Veillonella;Veillonella_magna
EU136680.1.2019	Bacteria;Bacteroidetes;Bacteroidia;Bacteroidales;Bacteroidaceae;Bacteroides;Bacteroides_uniformis
EU136694.1.1968	Bacteria;Bacteroidetes;Bacteroidia;Bacteroidales;Bacteroidaceae;Bacteroides;Bacteroides_acidifaciens
FJ545434.1.1453	Bacteria;Bacteroidetes;Bacteroidia;Bacteroidales;Prevotellaceae;Prevotella;Prevotella_scopos
FJ545433.1.1453	Bacteria;Bacteroidetes;Bacteroidia;Bacteroidales;Prevotellaceae;Prevotella;Prevotella_fusca
FR870446.1.1547	Bacteria;Firmicutes;Negativicutes;Selenomonadales;Veillonellaceae;Pectinatus;Pectinatus_cerevisiiphilus
GQ496624.1.1458	Bacteria;Bacteroidetes;Bacteroidia;Bacteroidales;Bacteroidaceae;Bacteroides;Bacteroides_faecis
FR870444.1.1500	Bacteria;Firmicutes;Clostridia;Clostridiales;Clostridiaceae_1;Clostridium
FR733689.1.1539	Bacteria;Firmicutes;Bacilli;Bacillales;Bacillaceae;Bacillus;Bacillus_subterraneus
FR749939.1.1547	Bacteria;Firmicutes;Negativicutes;Selenomonadales;Veillonellaceae;Sporomusa;Sporomusa_paucivorans
GU983697.1.1437	Bacteria;Firmicutes;Bacilli;Lactobacillales;Enterococcaceae;Enterococcus;Enterococcus_lactis
HE576794.683487.685038	Bacteria;Firmicutes;Negativicutes;Selenomonadales;Veillonellaceae;Megasphaera;Megasphaera_elsdenii
HE576794.1029437.1030988	Bacteria;Firmicutes;Negativicutes;Selenomonadales;Veillonellaceae;Megasphaera;Megasphaera_elsdenii
GU562446.1.1426	Bacteria;Firmicutes;Clostridia;Clostridiales;Ruminococcaceae;Subdoligranulum;Gemmiger_formicilis
HC491101.1.1482	Bacteria;Firmicutes;Clostridia;Clostridiales;Ruminococcaceae;Incertae_Sedis;Clostridium
HE576794.532644.534195	Bacteria;Firmicutes;Negativicutes;Selenomonadales;Veillonellaceae;Megasphaera;Megasphaera_elsdenii
HE576794.210779.212330	Bacteria;Firmicutes;Negativicutes;Selenomonadales;Veillonellaceae;Megasphaera;Megasphaera_elsdenii
HE576794.474375.475926	Bacteria;Firmicutes;Negativicutes;Selenomonadales;Veillonellaceae;Megasphaera;Megasphaera_elsdenii
HE576794.1391947.1393498	Bacteria;Firmicutes;Negativicutes;Selenomonadales;Veillonellaceae;Megasphaera;Megasphaera_elsdenii
HE576794.2473031.2474582	Bacteria;Firmicutes;Negativicutes;Selenomonadales;Veillonellaceae;Megasphaera;Megasphaera_elsdenii
HE862234.1.1506	Bacteria;Firmicutes;Clostridia;Clostridiales;Ruminococcaceae;Incertae_Sedis;Clostridium
HE862233.1.1507	Bacteria;Firmicutes;Clostridia;Clostridiales;Ruminococcaceae;Incertae_Sedis;Clostridium
HQ383683.1.1488	Bacteria;Firmicutes;Bacilli;Bacillales;Thermoactinomycetaceae;Melghirimyces;Melghirimyces_algeriensis
HQ433471.1.1458	Bacteria;Firmicutes;Bacilli;Bacillales;Bacillaceae;Bacillus;Bacillus_persicus
HQ424469.1.1516	Bacteria;Firmicutes;Bacilli;Bacillales;Planococcaceae;Bhargavaea;Bhargavaea_cecembensis
HM007566.1.1345	Bacteria;Firmicutes;Negativicutes;Selenomonadales;Veillonellaceae;Veillonella;Veillonella_parvula
HM037995.1.1446	Bacteria;Firmicutes;Clostridia;Clostridiales;Ruminococcaceae;uncultured;Eubacterium_coprostanoligenes
HQ378515.1.1500	Bacteria;Firmicutes;Bacilli;Lactobacillales;Enterococcaceae;Enterococcus;Enterococcus_viikkiensis
JX144975.1.1430	Bacteria;Firmicutes;Bacilli;Bacillales;Planococcaceae;Bhargavaea;Bhargavaea_ullalensis
L16469.1.1478	Bacteria;Bacteroidetes;Bacteroidia;Bacteroidales;Prevotellaceae;Prevotella;Prevotella_melaninogenica
L16474.1.1480	Bacteria;Bacteroidetes;Bacteroidia;Bacteroidales;Prevotellaceae;Prevotella;Prevotella_oris
L16483.1.1479	Bacteria;Bacteroidetes;Bacteroidia;Bacteroidales;Prevotellaceae;Prevotella;Prevotella_disiens
L35515.1.1464	Bacteria;Firmicutes;Clostridia;Clostridiales;Ruminococcaceae;Acetivibrio;Acetivibrio_cellulolyticus
L37040.1.1377	Bacteria;Firmicutes;Negativicutes;Selenomonadales;Veillonellaceae;Megasphaera;Megasphaera_cerevisiae
L09177.1.1500	Bacteria;Firmicutes;Clostridia;Clostridiales;Ruminococcaceae;Incertae_Sedis;Clostridium
L16465.1.1473	Bacteria;Bacteroidetes;Bacteroidia;Bacteroidales;Prevotellaceae;Prevotella;Prevotella_corporis
L16475.1.1471	Bacteria;Bacteroidetes;Bacteroidia;Bacteroidales;Prevotellaceae;Prevotella;Prevotella_bivia
L16484.1.1468	Bacteria;Bacteroidetes;Bacteroidia;Bacteroidales;Bacteroidaceae;Bacteroides;Bacteroides_ovatus
L35516.1.1464	Bacteria;Firmicutes;Clostridia;Clostridiales;Ruminococcaceae;Acetivibrio;Acetivibrio_cellulolyticus
L76598.1.1407	Bacteria;Firmicutes;Clostridia;Clostridiales;Ruminococcaceae;Ruminococcus;Ruminococcus_albus
L16467.1.1474	Bacteria;Bacteroidetes;Bacteroidia;Bacteroidales;Prevotellaceae;Prevotella;Prevotella_denticola
L16472.1.1513	Bacteria;Bacteroidetes;Bacteroidia;Bacteroidales;Prevotellaceae;Prevotella;Prevotella_oulorum
L16476.1.1474	Bacteria;Bacteroidetes;Bacteroidia;Bacteroidales;Prevotellaceae;Prevotella;Prevotella_buccalis
L76603.1.1388	Bacteria;Firmicutes;Clostridia;Clostridiales;Ruminococcaceae;Ruminococcus;Ruminococcus_flavefaciens
S46735.1.1411	Bacteria;Firmicutes;Clostridia;Clostridiales;Clostridiaceae_1;Clostridium
L09173.1.1509	Bacteria;Firmicutes;Clostridia;Clostridiales;Ruminococcaceae;Incertae_Sedis;Clostridium
L16468.1.1473	Bacteria;Bacteroidetes;Bacteroidia;Bacteroidales;Prevotellaceae;Prevotella;Prevotella_intermedia
L16473.1.1478	Bacteria;Bacteroidetes;Bacteroidia;Bacteroidales;Prevotellaceae;Prevotella;Prevotella_veroralis
L16482.1.1473	Bacteria;Bacteroidetes;Bacteroidia;Bacteroidales;Prevotellaceae;Prevotella;Prevotella_ruminicola
M58762.1.1533	Bacteria;Bacteroidetes;Bacteroidia;Bacteroidales;Bacteroidaceae;Bacteroides;Bacteroides_vulgatus
L76596.1.1371	Bacteria;Firmicutes;Clostridia;Clostridiales;Ruminococcaceae;Ruminococcus;Ruminococcus_callidus
M58763.1.1482	Bacteria;Bacteroidetes;Bacteroidia;Bacteroidales;Bacteroidaceae;Bacteroides;Bacteroides_thetaiotaomicron
U20385.1.1508	Bacteria;Firmicutes;Bacilli;Bacillales;Bacillaceae;Bacillus;Bacillus_infernus
U84497.1.1525	Bacteria;Firmicutes;Clostridia;Clostridiales;Peptococcaceae;Dehalobacter;Dehalobacter_restrictus
U95027.1.1426	Bacteria;Firmicutes;Negativicutes;Selenomonadales;Veillonellaceae;Megasphaera;Megasphaera_elsdenii
X68180.1.1511	Bacteria;Firmicutes;Clostridia;Clostridiales;Clostridiaceae_1;Clostridium
X71852.1.1514	Bacteria;Firmicutes;Clostridia;Clostridiales;Ruminococcaceae;Incertae_Sedis;Clostridium
X68179.1.1510	Bacteria;Firmicutes;Clostridia;Clostridiales;Clostridiaceae_1;Clostridium
X71846.1.1508	Bacteria;Firmicutes;Clostridia;Clostridiales;Ruminococcaceae;Acetivibrio;Clostridium_aldrichii
X68182.1.1420	Bacteria;Firmicutes;Clostridia;Clostridiales;Clostridiaceae_1;Clostridium
X76177.1.1440	Bacteria;Firmicutes;Bacilli;Lactobacillales;Enterococcaceae;Enterococcus;Enterococcus_canis
X81021.1.1460	Bacteria;Firmicutes;Clostridia;Clostridiales;Clostridiaceae_1;Clostridium
X83952.1.1395	Bacteria;Bacteroidetes;Bacteroidia;Bacteroidales;Bacteroidaceae;Bacteroides;Bacteroides_ovatus
X84007.1.1513	Bacteria;Firmicutes;Negativicutes;Selenomonadales;Veillonellaceae;Veillonella;Veillonella_atypica
X83953.1.1342	Bacteria;Bacteroidetes;Bacteroidia;Bacteroidales;Bacteroidaceae;Bacteroides;Bacteroides_stercoris
X84005.1.1513	Bacteria;Firmicutes;Negativicutes;Selenomonadales;Veillonellaceae;Veillonella;Veillonella_parvula
X84006.1.1513	Bacteria;Firmicutes;Negativicutes;Selenomonadales;Veillonellaceae;Veillonella;Veillonella_dispar
X82500.1.1504	Bacteria;Firmicutes;Negativicutes;Selenomonadales;Veillonellaceae;Dialister;Dialister_pneumosintes
Y13105.1.1454	Bacteria;Bacteroidetes;Bacteroidia;Bacteroidales;Prevotellaceae;Prevotella;Prevotella_pallens
Y18171.1.1398	Bacteria;Firmicutes;Clostridia;Clostridiales;Clostridiaceae_1;Clostridium
Y17302.1.1535	Bacteria;Firmicutes;Bacilli;Lactobacillales;Enterococcaceae;Enterococcus;Enterococcus_hirae
Y18181.1.1435	Bacteria;Firmicutes;Clostridia;Clostridiales;Ruminococcaceae;Incertae_Sedis;Clostridium
Y18274.1.1429	Bacteria;Firmicutes;Bacilli;Lactobacillales;Enterococcaceae;Enterococcus;Enterococcus_avium
Y18294.1.1459	Bacteria;Firmicutes;Bacilli;Lactobacillales;Enterococcaceae;Enterococcus;Enterococcus_faecium
Y18356.1.1424	Bacteria;Firmicutes;Bacilli;Lactobacillales;Enterococcaceae;Enterococcus;Enterococcus_pseudoavium
Y18354.1.1445	Bacteria;Firmicutes;Bacilli;Lactobacillales;Enterococcaceae;Enterococcus;Enterococcus_hirae
Y18359.1.1434	Bacteria;Firmicutes;Bacilli;Lactobacillales;Enterococcaceae;Enterococcus;Enterococcus_durans
Y18296.1.1425	Bacteria;Firmicutes;Bacilli;Lactobacillales;Enterococcaceae;Enterococcus;Enterococcus_raffinosus
Y18340.1.1447	Bacteria;Firmicutes;Bacilli;Lactobacillales;Enterococcaceae;Enterococcus;Enterococcus_mundtii
